provider,pair_metric_rows,tau_trace_pass_rows,tau_trace_pass_rate,non_effective_rows,non_effective_rate,parse_fail_turns,turns,parse_fail_turn_rate,parse_fail_sessions,sessions,parse_fail_session_rate
anthropic,405,405,1.0,334,0.8246913580246914,0,720,0.0,0,90,0.0
gemini,810,783,0.9666666666666667,470,0.5802469135802469,11,1440,0.007638888888888889,3,180,0.016666666666666666
openai,810,810,1.0,596,0.7358024691358025,0,1440,0.0,0,180,0.0
all,2025,1998,0.9866666666666667,1400,0.691358024691358,11,3600,0.0030555555555555557,3,450,0.006666666666666667
